회차,추첨일,1등,1번,2번,3번,4번,5번,6번
900,2020.02.29,"3,349,851,375원",7,13,16,18,35,38
899,2020.02.22,"3,359,356,063원",8,19,20,21,33,39
898,2020.02.15,"2,639,313,235원",18,21,28,35,37,42
897,2020.02.08,"1,619,922,520원",6,7,12,22,26,36
896,2020.02.01,"3,053,222,036원",5,12,25,26,38,45
895,2020.01.25,"1,928,079,219원",16,26,31,38,39,41
894,2020.01.18,"2,377,935,959원",19,32,37,40,41,43
893,2020.01.11,"2,377,433,625원",1,15,17,23,25,41
892,2020.01.04,"1,282,017,464원",4,9,17,18,26,42
891,2019.12.28,"3,082,673,947원",9,13,28,31,39,41
890,2019.12.21,"2,335,486,167원",1,4,14,18,29,37
889,2019.12.14,"2,108,986,950원",3,13,29,38,39,42
888,2019.12.07,"2,370,359,204원",3,7,12,31,34,38
887,2019.11.30,"2,535,268,688원",8,14,17,27,36,45
886,2019.11.23,"2,974,643,786원",19,23,28,37,42,45
885,2019.11.16,"1,543,832,568원",1,3,24,27,39,45
884,2019.11.09,"1,799,077,282원",4,14,23,28,37,45
883,2019.11.02,"1,360,519,525원",9,18,32,33,37,44
882,2019.10.26,"4,127,270,400원",18,34,39,43,44,45
881,2019.10.19,"2,503,212,282원",4,18,20,26,27,32
880,2019.10.12,"2,837,810,465원",7,17,19,23,24,45
879,2019.10.05,"3,206,361,313원",1,4,10,14,15,35
878,2019.09.28,"3,207,993,500원",2,6,11,16,25,31
877,2019.09.21,"1,716,607,188원",5,17,18,22,23,43
876,2019.09.14,"1,090,657,856원",5,16,21,26,34,42
875,2019.09.07,"1,415,946,724원",19,22,30,34,39,44
874,2019.08.31,"1,117,123,917원",1,15,19,23,28,42
873,2019.08.24,"1,874,553,225원",3,5,12,13,33,39
872,2019.08.17,"1,262,705,579원",2,4,30,32,33,43
871,2019.08.10,"2,718,071,358원",2,6,12,26,30,34
870,2019.08.03,"1,928,842,988원",21,25,30,32,40,42
869,2019.07.27,"1,922,582,588원",2,6,20,27,37,39
868,2019.07.20,"3,233,804,250원",12,17,28,41,43,44
867,2019.07.13,"3,933,755,250원",14,17,19,22,24,40
866,2019.07.06,"2,240,409,000원",9,15,29,34,37,39
865,2019.06.29,"1,551,729,145원",3,15,22,32,33,45
864,2019.06.22,"1,716,553,637원",3,7,10,13,25,36
863,2019.06.15,"2,853,357,322원",16,21,28,35,39,43
862,2019.06.08,"2,190,922,709원",10,34,38,40,42,43
861,2019.06.01,"4,872,108,844원",11,17,19,21,22,25
860,2019.05.25,"1,879,899,825원",4,8,18,25,27,32
859,2019.05.18,"1,853,927,489원",8,22,35,38,39,41
858,2019.05.11,"2,202,347,459원",9,13,32,38,39,43
857,2019.05.04,"1,284,915,425원",6,10,16,28,34,38
856,2019.04.27,"3,977,927,550원",10,24,40,41,43,44
855,2019.04.20,"2,269,510,500원",8,15,17,19,43,44
854,2019.04.13,"3,421,706,750원",20,25,31,32,36,43
853,2019.04.06,"2,885,006,786원",2,8,23,26,27,44
852,2019.03.30,"4,801,543,407원",11,17,28,30,33,35
851,2019.03.23,"2,483,692,313원",14,18,22,26,31,44
850,2019.03.16,"3,377,587,875원",16,20,24,28,36,39
849,2019.03.09,"1,158,252,883원",5,13,17,29,34,39
848,2019.03.02,"3,011,580,858원",1,2,16,22,38,39
847,2019.02.23,"2,520,846,657원",12,16,26,28,30,42
846,2019.02.16,"1,596,884,395원",5,18,30,41,43,45
845,2019.02.09,"1,891,217,182원",1,16,29,33,40,45
844,2019.02.02,"1,162,963,542원",7,8,13,15,33,45
843,2019.01.26,"4,012,970,100원",19,21,30,33,34,42
842,2019.01.19,"2,035,475,025원",14,26,32,36,39,42
841,2019.01.12,"1,116,095,714원",5,11,14,30,33,38
840,2019.01.05,"2,042,961,788원",2,4,11,28,29,43
839,2018.12.29,"1,359,454,904원",3,9,11,12,13,19
838,2018.12.22,"3,813,733,050원",9,14,17,33,36,38
837,2018.12.15,"3,144,449,125원",2,25,28,30,33,45
836,2018.12.08,"1,257,843,670원",1,9,11,14,26,28
835,2018.12.01,"1,233,681,125원",9,10,13,28,38,45
834,2018.11.24,"1,690,693,671원",6,8,18,35,42,43
833,2018.11.17,"2,356,317,282원",12,18,30,39,41,42
832,2018.11.10,"2,088,204,584원",13,14,19,26,40,43
831,2018.11.03,"1,110,702,258원",3,10,16,19,31,39
830,2018.10.27,"2,060,528,750원",5,6,16,18,37,38
829,2018.10.20,"2,444,650,641원",4,5,31,35,43,45
828,2018.10.13,"1,455,185,972원",4,7,13,29,31,39
827,2018.10.06,"1,206,500,375원",5,11,12,29,33,44
826,2018.09.29,"2,075,192,084원",13,16,24,25,33,36
825,2018.09.22,"1,658,710,563원",8,15,21,31,33,38
824,2018.09.15,"1,256,646,550원",7,9,24,29,34,38
823,2018.09.08,"2,009,843,917원",12,18,24,26,39,40
822,2018.09.01,"5,930,898,625원",9,18,20,24,27,36
821,2018.08.25,"1,316,155,956원",1,12,13,24,29,44
820,2018.08.18,"4,627,313,532원",10,21,22,30,35,42
819,2018.08.11,"2,594,534,840원",16,25,33,38,40,45
818,2018.08.04,"1,380,804,318원",14,15,25,28,29,30
817,2018.07.28,"1,868,477,334원",3,9,12,13,25,43
816,2018.07.21,"2,128,107,938원",12,18,19,29,31,39
815,2018.07.14,"2,579,855,358원",17,21,25,26,27,36
814,2018.07.07,"3,067,192,063원",2,21,28,38,42,45
813,2018.06.30,"4,591,763,157원",11,30,34,35,42,44
812,2018.06.23,"2,947,954,750원",1,3,12,14,16,43
811,2018.06.16,"2,524,148,197원",8,11,19,21,36,45
810,2018.06.09,"2,231,598,047원",5,10,13,21,39,43
809,2018.06.02,"2,921,372,750원",6,11,15,17,23,40
808,2018.05.26,"3,087,620,500원",15,21,31,32,41,43
807,2018.05.19,"2,437,662,322원",6,10,18,25,34,35
806,2018.05.12,"2,640,760,875원",14,20,23,31,37,38
805,2018.05.05,"4,266,061,969원",3,12,13,18,31,32
804,2018.04.28,"1,631,996,523원",1,10,13,26,32,36
803,2018.04.21,"3,663,810,225원",5,9,14,26,30,43
802,2018.04.14,"1,082,947,993원",10,11,12,18,24,42
801,2018.04.07,"2,256,786,657원",17,25,28,37,43,44
800,2018.03.31,"1,632,246,205원",1,4,10,12,28,45
799,2018.03.24,"1,826,427,225원",12,17,23,34,42,45
798,2018.03.17,"2,710,791,911원",2,10,14,22,32,36
797,2018.03.10,"2,397,028,125원",5,22,31,32,39,45
796,2018.03.03,"2,763,490,340원",1,21,26,36,40,41
795,2018.02.24,"1,714,977,000원",3,10,13,26,34,38
794,2018.02.17,"2,650,940,304원",6,7,18,19,30,38
793,2018.02.10,"3,750,146,775원",10,15,21,35,38,43
792,2018.02.03,"2,655,736,768원",2,7,19,25,29,36
791,2018.01.27,"1,253,081,893원",2,10,12,31,33,42
790,2018.01.20,"1,160,516,274원",3,8,19,27,30,41
789,2018.01.13,"1,140,976,825원",2,6,7,12,19,45
788,2018.01.06,"1,401,475,154원",2,10,11,19,35,39
787,2017.12.30,"3,092,108,313원",5,6,13,16,27,28
786,2017.12.23,"4,551,365,250원",12,15,16,20,24,30
785,2017.12.16,"2,886,622,688원",4,6,15,25,26,33
784,2017.12.09,"1,908,678,000원",3,10,23,24,31,39
783,2017.12.02,"4,603,964,625원",14,15,16,17,38,45
782,2017.11.25,"1,946,487,625원",6,18,31,34,38,45
781,2017.11.18,"1,882,891,542원",11,16,18,19,24,39
780,2017.11.11,"1,667,520,137원",15,17,19,21,27,45
779,2017.11.04,"1,527,709,296원",6,12,19,24,34,41
778,2017.10.28,"6,264,069,500원",6,21,35,36,37,41
777,2017.10.21,"833,468,036원",6,12,17,21,34,37
776,2017.10.14,"2,557,579,393원",8,9,18,21,28,40
775,2017.10.07,"3,470,437,650원",11,12,29,33,38,42
774,2017.09.30,"1,709,721,512원",12,15,18,28,34,42
773,2017.09.23,"1,609,403,080원",8,12,19,21,31,35
772,2017.09.16,"1,769,608,838원",5,6,11,14,21,41
771,2017.09.09,"4,362,644,907원",6,10,17,18,21,29
770,2017.09.02,"2,163,099,329원",1,9,12,23,39,43
769,2017.08.26,"1,930,760,042원",5,7,11,16,41,45
768,2017.08.19,"1,363,572,260원",7,27,29,30,38,44
767,2017.08.12,"1,163,768,725원",5,15,20,31,34,42
766,2017.08.05,"2,173,637,297원",9,30,34,35,39,41
765,2017.07.29,"1,109,214,250원",1,3,8,12,42,43
764,2017.07.22,"2,459,975,465원",7,22,24,31,34,36
763,2017.07.15,"2,138,130,000원",3,8,16,32,34,43
762,2017.07.08,"1,631,432,063원",1,3,12,21,26,41
761,2017.07.01,"2,392,730,518원",4,7,11,24,42,45
760,2017.06.24,"2,253,299,391원",10,22,27,31,42,43
759,2017.06.17,"3,032,670,500원",9,33,36,40,42,43
758,2017.06.10,"2,078,969,954원",5,9,12,30,39,43
757,2017.06.03,"739,839,858원",6,7,11,17,33,44
756,2017.05.27,"3,414,434,700원",10,14,16,18,27,28
755,2017.05.20,"2,214,427,266원",13,14,26,28,30,36
754,2017.05.13,"3,427,542,000원",2,8,17,24,29,31
753,2017.05.06,"2,711,105,063원",2,17,19,24,37,41
752,2017.04.29,"1,870,358,834원",4,16,20,33,40,43
751,2017.04.22,"2,097,968,110원",3,4,16,20,28,44
750,2017.04.15,"2,522,104,286원",1,2,15,19,24,36
749,2017.04.08,"1,350,104,395원",12,14,24,26,34,45
748,2017.04.01,"1,928,246,542원",3,10,13,22,31,32
747,2017.03.25,"1,903,214,584원",7,9,12,14,23,28
746,2017.03.18,"2,038,623,709원",3,12,33,36,42,45
745,2017.03.11,"746,822,982원",1,2,3,9,12,23
744,2017.03.04,"1,155,411,575원",10,15,18,21,34,41
743,2017.02.25,"2,608,641,000원",15,19,21,34,41,44
742,2017.02.18,"1,111,814,813원",8,10,13,36,37,40
741,2017.02.11,"3,043,595,938원",5,21,27,34,44,45
740,2017.02.04,"936,929,792원",4,8,9,16,17,19
739,2017.01.28,"4,744,122,282원",7,22,29,33,34,35
738,2017.01.21,"1,634,191,091원",23,27,28,38,42,43
737,2017.01.14,"4,283,061,000원",13,15,18,24,27,41
736,2017.01.07,"3,397,362,225원",2,11,17,18,21,27
735,2016.12.31,"1,847,231,588원",5,10,13,27,37,41
734,2016.12.24,"1,949,395,500원",6,16,37,38,41,45
733,2016.12.17,"4,016,725,125원",11,24,32,33,35,40
732,2016.12.10,"2,203,270,608원",2,4,5,17,27,32
731,2016.12.03,"2,340,471,054원",2,7,13,25,42,45
730,2016.11.26,"2,017,382,110원",4,10,14,15,18,22
729,2016.11.19,"4,198,250,719원",11,17,21,26,36,45
728,2016.11.12,"3,243,464,400원",3,6,10,30,34,37
727,2016.11.05,"1,115,107,742원",7,8,10,19,21,31
726,2016.10.29,"1,166,872,634원",1,11,21,23,34,44
725,2016.10.22,"1,579,217,250원",6,7,19,21,41,43
724,2016.10.15,"1,427,789,813원",2,8,33,35,37,41
723,2016.10.08,"2,114,365,360원",20,30,33,35,36,44
722,2016.10.01,"4,365,422,719원",12,14,21,30,39,43
721,2016.09.24,"2,273,767,360원",1,28,35,41,43,44
720,2016.09.17,"1,233,770,358원",1,12,29,34,36,37
719,2016.09.10,"1,879,581,334원",4,8,13,19,20,43
718,2016.09.03,"926,166,464원",4,11,20,23,32,39
717,2016.08.27,"2,702,433,688원",2,11,19,25,28,32
716,2016.08.20,"1,358,752,157원",2,6,13,16,29,30
715,2016.08.13,"2,605,510,438원",2,7,27,33,41,44
714,2016.08.06,"2,085,131,733원",1,7,22,33,37,40
713,2016.07.30,"1,714,720,917원",2,5,15,18,19,23
712,2016.07.23,"4,034,485,125원",17,20,30,31,33,45
711,2016.07.16,"2,277,413,358원",11,15,24,35,37,45
710,2016.07.09,"2,895,441,150원",3,4,9,24,25,33
709,2016.07.02,"1,165,271,625원",10,18,30,36,39,44
708,2016.06.25,"4,099,552,219원",2,10,16,19,34,45
707,2016.06.18,"1,322,167,313원",2,12,19,24,39,44
706,2016.06.11,"3,831,746,063원",3,4,6,10,28,30
705,2016.06.04,"3,987,206,532원",1,6,17,22,28,45
704,2016.05.28,"3,865,190,344원",1,4,8,23,33,42
703,2016.05.21,"3,235,784,100원",10,28,31,33,41,44
702,2016.05.14,"1,465,091,387원",3,13,16,24,26,29
701,2016.05.07,"1,583,183,175원",3,10,14,16,36,38
700,2016.04.30,"2,082,099,188원",11,23,28,29,30,44
699,2016.04.23,"1,995,411,375원",4,5,8,16,21,29
698,2016.04.16,"1,921,084,125원",3,11,13,21,33,37
697,2016.04.09,"1,531,443,038원",2,5,8,11,33,39
696,2016.04.02,"1,632,054,413원",1,7,16,18,34,38
695,2016.03.26,"1,450,214,830원",4,18,26,33,34,38
694,2016.03.19,"1,555,036,388원",7,15,20,25,33,43
693,2016.03.12,"1,642,763,813원",1,6,11,28,34,42
692,2016.03.05,"2,301,273,697원",3,11,14,15,32,36
691,2016.02.27,"2,839,296,750원",15,27,33,35,43,45
690,2016.02.20,"1,126,507,625원",24,25,33,34,38,39
689,2016.02.13,"2,321,775,911원",7,17,19,30,36,38
688,2016.02.06,"1,967,536,750원",5,15,22,23,34,35
687,2016.01.30,"2,720,029,313원",1,8,10,13,28,42
686,2016.01.23,"1,937,531,719원",7,12,15,24,25,43
685,2016.01.16,"1,494,367,671원",6,7,12,28,38,40
684,2016.01.09,"1,688,815,709원",1,11,15,17,25,39
683,2016.01.02,"1,010,930,883원",6,13,20,27,28,40
682,2015.12.26,"4,063,713,563원",17,23,27,35,38,43
681,2015.12.19,"2,696,328,938원",21,24,27,29,43,44
680,2015.12.12,"1,110,570,563원",4,10,19,29,32,42
679,2015.12.05,"2,863,005,600원",3,5,7,14,26,34
678,2015.11.28,"2,288,490,188원",4,5,6,12,25,37
677,2015.11.21,"1,921,114,407원",12,15,24,36,41,44
676,2015.11.14,"1,879,726,500원",1,8,17,34,39,45
675,2015.11.07,"3,514,549,032원",1,8,11,15,18,45
674,2015.10.31,"1,770,565,500원",9,10,14,25,27,31
673,2015.10.24,"1,491,453,300원",7,10,17,29,33,44
672,2015.10.17,"1,754,745,000원",8,21,28,31,36,45
671,2015.10.10,"3,722,322,844원",7,9,10,13,31,35
670,2015.10.03,"1,191,725,219원",11,18,26,27,40,41
669,2015.09.26,"2,708,173,188원",7,8,20,29,33,38
668,2015.09.19,"2,991,158,625원",12,14,15,24,27,32
667,2015.09.12,"2,228,764,393원",15,17,25,37,42,43
666,2015.09.05,"2,396,901,063원",2,4,6,11,17,28
665,2015.08.29,"3,643,230,375원",5,6,11,17,38,44
664,2015.08.22,"1,536,801,338원",10,20,33,36,41,44
663,2015.08.15,"2,080,244,143원",3,5,8,19,38,42
662,2015.08.08,"1,689,733,688원",5,6,9,11,15,37
661,2015.08.01,"1,713,025,547원",2,3,12,20,27,38
660,2015.07.25,"1,421,272,575원",4,9,23,33,39,44
659,2015.07.18,"1,336,604,216원",7,18,19,27,29,42
658,2015.07.11,"1,634,031,375원",8,19,25,28,32,36
657,2015.07.04,"1,694,762,792원",10,14,19,39,40,43
656,2015.06.27,"7,330,002,750원",3,7,14,16,31,40
655,2015.06.20,"1,661,439,625원",7,37,38,39,40,44
654,2015.06.13,"1,879,301,391원",16,21,26,31,36,43
653,2015.06.06,"980,958,670원",5,6,26,27,38,39
652,2015.05.30,"3,003,483,525원",3,13,15,40,41,44
651,2015.05.23,"1,855,306,454원",11,12,16,26,29,44
650,2015.05.16,"2,849,298,900원",3,4,7,11,31,41
649,2015.05.09,"2,948,042,100원",3,21,22,33,41,42
648,2015.05.02,"2,120,987,947원",13,19,28,37,38,43
647,2015.04.25,"2,189,725,608원",5,16,21,23,24,30
646,2015.04.18,"2,215,498,393원",2,9,24,41,43,45
645,2015.04.11,"3,696,297,750원",1,4,16,26,40,41
644,2015.04.04,"1,831,451,204원",5,13,17,23,28,36
643,2015.03.28,"2,535,763,625원",15,24,31,32,33,40
642,2015.03.21,"1,251,460,438원",8,17,18,24,39,45
641,2015.03.14,"1,990,074,563원",11,18,21,36,37,43
640,2015.03.07,"1,728,768,834원",14,15,18,21,26,35
639,2015.02.28,"4,061,185,219원",6,15,22,23,25,32
638,2015.02.21,"2,229,403,179원",7,18,22,24,31,34
637,2015.02.14,"3,899,241,094원",3,16,22,37,38,44
636,2015.02.07,"1,832,362,219원",6,7,15,16,20,31
635,2015.01.31,"1,855,587,235원",11,13,25,26,29,33
634,2015.01.24,"1,077,935,106원",4,10,11,12,20,27
633,2015.01.17,"1,217,257,094원",9,12,19,20,39,41
632,2015.01.10,"1,432,587,716원",15,18,21,32,35,44
631,2015.01.03,"3,919,853,532원",1,2,4,23,31,34
630,2014.12.27,"4,836,305,500원",8,17,21,24,27,31
629,2014.12.20,"2,919,433,575원",19,28,31,38,43,44
628,2014.12.13,"1,499,942,875원",1,7,12,15,23,42
627,2014.12.06,"1,352,230,650원",2,9,22,25,31,45
626,2014.11.29,"1,717,871,110원",13,14,26,33,40,43
625,2014.11.22,"2,765,184,675원",3,6,7,20,21,39
624,2014.11.15,"2,763,729,450원",1,7,19,26,27,35
623,2014.11.08,"1,813,702,594원",7,13,30,39,41,45
622,2014.11.01,"1,630,598,292원",9,15,16,21,28,34
621,2014.10.25,"2,359,723,500원",1,2,6,16,19,42
620,2014.10.18,"2,028,283,233원",2,16,17,32,39,45
619,2014.10.11,"4,612,479,375원",6,8,13,30,35,40
618,2014.10.04,"2,881,326,225원",8,16,25,30,42,43
617,2014.09.27,"1,629,701,860원",4,5,11,12,24,27
616,2014.09.20,"1,611,811,250원",5,13,18,23,40,45
615,2014.09.13,"1,535,062,417원",10,17,18,19,23,27
614,2014.09.06,"2,540,975,438원",8,21,25,39,40,44
613,2014.08.30,"1,549,831,209원",7,8,11,16,41,44
612,2014.08.23,"1,181,705,250원",6,9,18,19,25,33
611,2014.08.16,"3,502,706,157원",2,22,27,33,36,37
610,2014.08.09,"3,516,018,375원",14,18,20,23,28,36
609,2014.08.02,"6,339,311,438원",4,8,27,34,39,40
608,2014.07.26,"1,943,530,018원",4,8,18,19,39,44
607,2014.07.19,"3,494,480,907원",8,14,23,36,38,39
606,2014.07.12,"1,311,566,850원",1,5,6,14,20,39
605,2014.07.05,"1,394,232,250원",1,2,7,9,10,38
604,2014.06.28,"1,229,141,557원",2,6,18,21,33,34
603,2014.06.21,"3,452,136,563원",2,19,25,26,27,43
602,2014.06.14,"1,689,530,860원",13,14,22,27,30,38
601,2014.06.07,"1,524,565,209원",2,16,19,31,34,35
600,2014.05.31,"901,798,725원",5,11,14,27,29,36
599,2014.05.24,"1,710,918,329원",5,12,17,29,34,35
598,2014.05.17,"833,998,594원",4,12,24,33,38,45
597,2014.05.10,"1,057,920,606원",8,10,23,24,35,43
596,2014.05.03,"1,328,267,663원",3,4,12,14,25,43
595,2014.04.26,"1,744,525,219원",8,24,28,35,38,40
594,2014.04.19,"1,255,592,796원",2,8,13,25,28,37
593,2014.04.12,"1,532,833,500원",9,10,13,24,33,38
592,2014.04.05,"2,356,381,688원",2,5,6,13,28,44
591,2014.03.29,"2,964,676,200원",8,13,14,30,38,39
590,2014.03.22,"2,185,183,983원",20,30,36,38,41,45
589,2014.03.15,"2,136,877,983원",6,8,28,33,38,39
588,2014.03.08,"2,889,342,075원",2,8,15,22,25,41
587,2014.03.01,"4,974,577,375원",14,21,29,31,32,37
586,2014.02.22,"1,778,354,344원",2,7,12,15,21,34
585,2014.02.15,"1,620,546,334원",6,7,10,16,38,41
584,2014.02.08,"5,033,183,250원",7,18,30,39,40,41
583,2014.02.01,"1,341,848,353원",8,17,27,33,40,44
582,2014.01.25,"3,560,558,719원",2,12,14,33,40,41
581,2014.01.18,"1,844,554,547원",3,5,14,20,42,44
580,2014.01.11,"2,028,610,500원",5,7,9,11,32,35
579,2014.01.04,"1,396,068,444원",5,7,20,22,37,42
578,2013.12.28,"2,796,466,575원",5,12,14,32,34,42
577,2013.12.21,"4,484,438,375원",16,17,22,31,34,37
576,2013.12.14,"4,321,966,000원",10,11,15,25,35,41
575,2013.12.07,"1,699,267,875원",2,8,20,30,33,34
574,2013.11.30,"6,965,184,938원",14,15,16,19,25,43
573,2013.11.23,"1,645,691,766원",2,4,20,34,35,43
572,2013.11.16,"1,668,216,188원",3,13,18,33,37,45
571,2013.11.09,"1,966,538,465원",11,18,21,26,38,43
570,2013.11.02,"1,527,791,625원",1,12,26,27,29,33
569,2013.10.26,"3,467,925,188원",3,6,13,23,24,35
568,2013.10.19,"1,305,167,550원",1,3,17,20,31,44
567,2013.10.12,"2,318,659,438원",1,10,15,16,32,41
566,2013.10.05,"3,508,951,032원",4,5,6,25,26,43
565,2013.09.28,"1,742,064,469원",4,10,18,27,40,45
564,2013.09.21,"1,934,801,143원",14,19,25,26,27,34
563,2013.09.14,"1,932,735,643원",5,10,16,17,31,32
562,2013.09.07,"1,166,694,614원",4,11,13,17,20,31
561,2013.08.31,"2,753,712,225원",5,7,18,37,42,45
560,2013.08.24,"1,976,697,215원",1,4,20,23,29,45
559,2013.08.17,"1,926,145,608원",11,12,25,32,44,45
558,2013.08.10,"1,315,913,663원",12,15,19,26,40,43
557,2013.08.03,"1,888,069,286원",4,20,26,28,35,40
556,2013.07.27,"2,005,209,161원",12,20,23,28,30,44
555,2013.07.20,"1,711,027,360원",11,17,21,24,26,36
554,2013.07.13,"6,813,893,625원",13,14,17,32,41,42
553,2013.07.06,"2,249,631,438원",2,7,17,28,29,39
552,2013.06.29,"1,330,824,225원",1,10,20,32,35,40
551,2013.06.22,"13,526,973,750원",3,6,20,24,27,44
550,2013.06.15,"1,118,679,205원",1,7,14,20,34,37
549,2013.06.08,"1,760,805,047원",29,31,35,38,40,44
548,2013.06.01,"1,736,871,891원",1,12,13,21,32,45
547,2013.05.25,"2,838,444,450원",6,7,15,22,34,39
546,2013.05.18,"405,939,950원",8,17,20,27,37,43
545,2013.05.11,"1,198,994,353원",4,24,25,27,34,35
544,2013.05.04,"1,046,388,433원",5,17,21,25,36,44
543,2013.04.27,"1,112,934,844원",13,18,26,31,34,44
542,2013.04.20,"2,335,152,563원",5,6,19,26,41,45
541,2013.04.13,"1,269,327,171원",8,13,26,28,32,34
540,2013.04.06,"1,989,365,250원",3,12,13,15,34,36
539,2013.03.30,"1,621,036,667원",3,19,22,31,42,43
538,2013.03.23,"4,688,021,625원",6,10,18,31,32,34
537,2013.03.16,"2,104,038,911원",12,23,26,30,36,43
536,2013.03.09,"1,308,523,603원",7,8,18,32,37,43
535,2013.03.02,"4,935,603,000원",11,12,14,15,18,39
534,2013.02.23,"14,215,763,250원",10,24,26,29,37,38
533,2013.02.16,"1,785,671,579원",9,14,15,17,31,33
532,2013.02.09,"2,216,896,286원",16,17,23,24,29,44
531,2013.02.02,"1,521,519,750원",1,5,9,21,27,35
530,2013.01.26,"1,231,656,239원",16,23,27,29,33,41
529,2013.01.19,"1,749,114,797원",18,20,24,27,31,42
528,2013.01.12,"1,197,889,125원",5,17,25,31,39,40
527,2013.01.05,"1,032,386,366원",1,12,22,32,33,42
526,2012.12.29,"1,491,031,959원",7,14,17,20,35,39
525,2012.12.22,"1,501,132,375원",11,23,26,29,39,44
524,2012.12.15,"3,491,695,594원",10,11,29,38,41,45
523,2012.12.08,"1,780,355,840원",1,4,37,38,40,45
522,2012.12.01,"2,281,623,000원",4,5,13,14,37,41
521,2012.11.24,"1,693,420,922원",3,7,18,29,32,36
520,2012.11.17,"2,167,205,438원",4,22,27,28,38,40
519,2012.11.10,"1,950,601,393원",6,8,13,16,30,43
518,2012.11.03,"2,263,804,125원",14,23,30,32,34,38
517,2012.10.27,"2,659,057,725원",1,9,12,28,36,41
516,2012.10.20,"1,294,190,182원",2,8,23,41,43,44
515,2012.10.13,"13,200,466,875원",2,11,12,15,23,37
514,2012.10.06,"4,451,055,500원",1,15,20,26,35,42
513,2012.09.29,"4,589,624,750원",5,8,21,23,27,33
512,2012.09.22,"940,094,452원",4,5,9,13,26,27
511,2012.09.15,"2,165,579,250원",3,7,14,23,26,42
510,2012.09.08,"2,644,158,150원",12,29,32,33,39,40
509,2012.09.01,"2,689,076,100원",12,25,29,35,42,43
508,2012.08.25,"1,599,557,860원",5,27,31,34,35,43
507,2012.08.18,"1,416,438,875원",12,13,32,33,40,41
506,2012.08.11,"4,073,333,875원",6,9,11,22,24,30
505,2012.08.04,"1,917,955,188원",7,20,22,25,38,40
504,2012.07.28,"1,443,236,959원",6,14,22,26,43,44
503,2012.07.21,"1,853,634,911원",1,5,27,30,34,36
502,2012.07.14,"2,201,458,125원",6,22,28,32,34,40
501,2012.07.07,"3,025,200,094원",1,4,10,17,31,42
500,2012.06.30,"1,351,072,375원",3,4,12,20,24,34
499,2012.06.23,"4,070,480,250원",5,20,23,27,35,40
498,2012.06.16,"3,244,503,094원",13,14,24,32,39,41
497,2012.06.09,"2,222,817,813원",19,20,23,24,43,44
496,2012.06.02,"3,285,932,250원",4,13,20,29,36,41
495,2012.05.26,"2,111,645,000원",4,13,22,27,34,44
494,2012.05.19,"1,054,588,407원",5,7,8,15,30,43
493,2012.05.12,"1,451,120,334원",20,22,26,33,36,37
492,2012.05.05,"2,493,013,800원",22,27,31,35,37,40
491,2012.04.28,"3,304,634,438원",8,17,35,36,39,42
490,2012.04.21,"1,860,234,161원",2,7,26,29,40,43
489,2012.04.14,"2,106,360,625원",2,4,8,15,20,27
488,2012.04.07,"1,330,393,575원",2,8,17,30,31,38
487,2012.03.31,"1,638,830,766원",4,8,25,27,37,41
486,2012.03.24,"1,008,634,125원",1,2,23,25,38,40
485,2012.03.17,"1,501,474,917원",17,22,26,27,36,39
484,2012.03.10,"2,305,303,063원",1,3,27,28,32,45
483,2012.03.03,"2,567,196,675원",12,15,19,22,28,34
482,2012.02.25,"1,897,921,179원",1,10,16,24,25,35
481,2012.02.18,"4,639,355,750원",3,4,23,29,40,41
480,2012.02.11,"2,996,742,282원",3,5,10,17,30,31
479,2012.02.04,"2,233,046,500원",8,23,25,27,35,44
478,2012.01.28,"987,224,759원",18,29,30,37,39,43
477,2012.01.21,"1,919,011,829원",14,25,29,32,33,45
476,2012.01.14,"3,439,851,469원",9,12,13,15,37,38
475,2012.01.07,"1,693,923,047원",1,9,14,16,21,29
474,2011.12.31,"936,690,800원",4,13,18,31,33,45
473,2011.12.24,"3,250,418,063원",8,13,20,22,23,36
472,2011.12.17,"1,809,656,090원",16,25,26,31,36,43
471,2011.12.10,"1,939,332,858원",6,13,29,37,39,41
470,2011.12.03,"4,333,330,625원",10,16,20,39,41,42
469,2011.11.26,"3,330,131,250원",4,21,22,34,37,38
468,2011.11.19,"1,527,197,167원",8,13,15,28,37,43
467,2011.11.12,"1,435,441,084원",2,12,14,17,24,40
466,2011.11.05,"1,530,313,459원",4,10,13,23,32,44
465,2011.10.29,"1,923,662,893원",1,8,11,13,22,38
464,2011.10.22,"3,355,721,106원",6,12,15,34,42,44
463,2011.10.15,0원,23,29,31,33,34,44
462,2011.10.08,"1,483,559,297원",3,20,24,32,37,45
461,2011.10.01,"1,948,674,875원",11,18,26,31,37,40
460,2011.09.24,"3,180,895,782원",8,11,28,30,43,45
459,2011.09.17,"1,655,842,233원",4,6,10,14,25,40
458,2011.09.10,"1,608,812,625원",4,9,10,32,36,40
457,2011.09.03,"1,159,902,825원",8,10,18,23,27,40
456,2011.08.27,"1,598,505,054원",1,7,12,18,23,27
455,2011.08.20,"1,635,711,483원",4,19,20,26,30,35
454,2011.08.13,"1,609,125,590원",13,25,27,34,38,41
453,2011.08.06,"2,262,732,375원",12,24,33,38,40,42
452,2011.07.30,"1,276,902,000원",8,10,18,30,32,34
451,2011.07.23,"882,138,952원",12,15,20,24,30,38
450,2011.07.16,"1,990,391,625원",6,14,19,21,23,31
449,2011.07.09,"4,059,715,250원",3,10,20,26,35,43
448,2011.07.02,"4,026,212,750원",3,7,13,27,40,41
447,2011.06.25,"2,657,941,125원",2,7,8,9,17,33
446,2011.06.18,"4,051,247,625원",1,11,12,14,26,35
445,2011.06.11,"1,791,683,036원",13,20,21,30,39,45
444,2011.06.04,"4,154,188,625원",11,13,23,35,43,45
443,2011.05.28,"1,327,597,584원",4,6,10,19,20,44
442,2011.05.21,"1,413,413,042원",25,27,29,36,38,40
441,2011.05.14,"3,170,417,063원",1,23,28,30,34,35
440,2011.05.07,"1,995,873,000원",10,22,28,34,36,44
439,2011.04.30,"1,900,077,375원",17,20,30,31,37,40
438,2011.04.23,"1,377,142,167원",6,12,20,26,29,38
437,2011.04.16,"2,096,245,438원",11,16,29,38,41,44
436,2011.04.09,"1,512,266,579원",9,14,20,22,33,34
435,2011.04.02,"1,287,550,013원",8,16,26,30,38,45
434,2011.03.26,"1,480,060,266원",3,13,20,24,33,37
433,2011.03.19,"1,182,294,410원",19,23,29,33,35,43
432,2011.03.12,"2,299,427,550원",2,3,5,11,27,39
431,2011.03.05,"1,268,434,013원",18,22,25,31,38,45
430,2011.02.26,"1,611,763,219원",1,3,16,18,30,34
429,2011.02.19,"1,485,904,709원",3,23,28,34,39,42
428,2011.02.12,"1,437,683,209원",12,16,19,22,37,40
427,2011.02.05,"12,571,445,625원",6,7,15,24,28,30
426,2011.01.29,"3,057,233,625원",4,17,18,27,39,43
425,2011.01.22,"1,534,833,000원",8,10,14,27,33,38
424,2011.01.15,"1,109,480,813원",10,11,26,31,34,44
423,2011.01.08,"3,896,153,875원",1,17,27,28,29,40
422,2011.01.01,"2,205,251,375원",8,15,19,21,34,44
421,2010.12.25,"2,321,144,325원",6,11,26,27,28,44
420,2010.12.18,"1,424,856,375원",4,9,10,29,31,34
419,2010.12.11,"3,796,490,750원",2,11,13,14,28,30
418,2010.12.04,"1,435,649,766원",11,13,15,26,28,34
417,2010.11.27,"2,818,329,938원",4,5,14,20,22,43
416,2010.11.20,"1,072,037,100원",5,6,8,11,22,26
415,2010.11.13,"1,334,182,407원",7,17,20,26,30,40
414,2010.11.06,"11,703,832,500원",2,14,15,22,23,44
413,2010.10.30,"2,814,673,500원",2,9,15,23,34,40
412,2010.10.23,"1,656,199,822원",4,7,39,41,42,45
411,2010.10.16,"953,227,563원",11,14,22,35,37,39
410,2010.10.09,"1,249,335,709원",1,3,18,32,40,41
409,2010.10.02,"2,896,989,750원",6,9,21,31,32,40
408,2010.09.25,"2,235,375,825원",9,20,21,22,30,37
407,2010.09.18,"1,649,707,286원",6,7,13,16,24,25
406,2010.09.11,"2,156,142,450원",7,12,21,24,27,36
405,2010.09.04,"3,543,878,000원",1,2,10,25,26,44
404,2010.08.28,"3,566,659,375원",5,20,21,24,33,40
403,2010.08.21,"2,122,396,875원",10,14,22,24,28,37
402,2010.08.14,"2,662,206,188원",5,9,15,19,22,36
401,2010.08.07,"1,168,214,792원",6,12,18,31,38,43
400,2010.07.31,"2,669,834,325원",9,21,27,34,41,43
399,2010.07.24,"1,276,854,975원",1,2,9,17,19,42
398,2010.07.17,"2,680,625,550원",10,15,20,23,42,44
397,2010.07.10,"3,499,519,700원",12,13,17,22,25,33
396,2010.07.03,"5,296,622,400원",18,20,31,34,40,45
395,2010.06.26,"1,534,635,000원",11,15,20,26,31,35
394,2010.06.19,"10,654,349,100원",1,13,20,22,25,28
393,2010.06.12,"1,362,003,975원",9,16,28,40,41,43
392,2010.06.05,"1,713,528,700원",1,3,7,8,24,42
391,2010.05.29,"10,508,749,800원",10,11,18,22,28,39
390,2010.05.22,"10,373,997,900원",16,17,28,37,39,40
389,2010.05.15,"2,119,027,020원",7,16,18,20,23,26
388,2010.05.08,"2,545,543,875원",1,8,9,17,29,32
387,2010.05.01,"2,675,533,500원",1,26,31,34,40,43
386,2010.04.24,"1,042,953,330원",4,7,10,19,31,40
385,2010.04.17,"1,542,032,700원",7,12,19,21,29,32
384,2010.04.10,"3,658,734,200원",11,22,24,32,36,38
383,2010.04.03,"3,596,522,100원",4,15,28,33,37,40
382,2010.03.27,"1,846,674,900원",10,15,22,24,27,42
381,2010.03.20,"565,738,895원",1,5,10,12,16,20
380,2010.03.13,"2,684,274,825원",1,2,8,17,26,37
379,2010.03.06,"1,598,999,786원",6,10,22,31,35,40
378,2010.02.27,"2,317,698,240원",5,22,29,31,34,39
377,2010.02.20,"3,912,085,400원",6,22,29,37,43,45
376,2010.02.13,"1,956,915,800원",1,11,13,24,28,40
375,2010.02.06,"1,581,284,058원",4,8,19,25,27,45
374,2010.01.30,"5,528,717,850원",11,13,15,17,25,34
373,2010.01.23,"2,791,801,125원",15,26,37,42,43,45
372,2010.01.16,"1,192,593,200원",8,11,14,16,18,21
371,2010.01.09,"1,524,130,543원",7,9,15,26,27,42
370,2010.01.02,"1,678,941,943원",16,18,24,42,44,45
369,2009.12.26,"1,842,177,750원",17,20,35,36,41,43
368,2009.12.19,"1,465,825,115원",11,21,24,30,39,45
367,2009.12.12,"1,581,736,586원",3,22,25,29,32,44
366,2009.12.05,"5,351,553,900원",5,12,19,26,27,44
365,2009.11.28,"10,697,716,800원",5,15,21,25,26,30
364,2009.11.21,"2,531,914,800원",2,5,7,14,16,40
363,2009.11.14,"2,615,910,600원",11,12,14,21,32,38
362,2009.11.07,"1,729,424,650원",2,3,22,27,30,40
361,2009.10.31,"1,473,115,115원",5,10,16,24,27,35
360,2009.10.24,"3,566,716,200원",4,16,23,25,35,40
359,2009.10.17,"1,286,712,600원",1,10,19,20,24,40
358,2009.10.10,"3,472,654,900원",1,9,10,12,21,40
357,2009.10.03,"5,313,394,350원",10,14,18,21,36,37
356,2009.09.26,"1,157,185,267원",2,8,14,25,29,45
355,2009.09.19,"2,145,424,800원",5,8,29,30,35,44
354,2009.09.12,"2,124,464,340원",14,19,36,43,44,45
353,2009.09.05,"5,290,838,250원",11,16,19,22,29,36
352,2009.08.29,"1,732,858,250원",5,16,17,20,26,41
351,2009.08.22,"2,583,357,150원",5,25,27,29,34,36
350,2009.08.15,"1,101,052,467원",1,8,18,24,29,33
349,2009.08.08,"3,353,209,000원",5,13,14,20,24,25
348,2009.08.01,"3,299,994,000원",3,14,17,20,24,31
347,2009.07.25,"1,456,624,286원",3,8,13,27,32,42
346,2009.07.18,"2,017,727,340원",5,13,14,22,44,45
345,2009.07.11,"5,203,577,550원",15,20,23,29,39,42
344,2009.07.04,"1,467,106,543원",1,2,15,28,34,45
343,2009.06.27,"1,717,153,000원",1,10,17,29,31,43
342,2009.06.20,"3,454,095,800원",1,13,14,33,34,43
341,2009.06.13,"1,497,207,772원",1,8,19,34,39,43
340,2009.06.06,"1,439,393,186원",18,24,26,29,34,38
339,2009.05.30,"1,096,778,334원",6,8,14,21,30,37
338,2009.05.23,"3,383,431,000원",2,13,34,38,42,45
337,2009.05.16,"1,257,500,513원",1,5,14,18,32,37
336,2009.05.09,"1,685,632,650원",3,5,20,34,35,44
335,2009.05.02,"2,037,492,480원",5,9,16,23,26,45
334,2009.04.25,"1,523,002,972원",13,15,21,29,39,43
333,2009.04.18,"1,550,987,143원",5,14,27,30,39,43
332,2009.04.11,"1,359,448,388원",16,17,34,36,42,45
331,2009.04.04,"2,165,902,620원",4,9,14,26,31,44
330,2009.03.28,"1,162,280,200원",3,4,16,17,19,20
329,2009.03.21,"1,830,391,200원",9,17,19,30,35,42
328,2009.03.14,"1,819,795,900원",1,6,9,16,17,28
327,2009.03.07,"882,674,750원",6,12,13,17,32,44
326,2009.02.28,"1,832,134,550원",16,23,25,33,36,39
325,2009.02.21,"1,806,122,450원",7,17,20,32,44,45
324,2009.02.14,"1,865,130,350원",2,4,21,25,33,36
323,2009.02.07,"1,461,025,388원",10,14,15,32,36,42
322,2009.01.31,"1,904,544,700원",9,18,29,32,38,43
321,2009.01.24,"1,959,136,100원",12,18,20,21,25,34
320,2009.01.17,"5,513,067,900원",16,19,23,25,41,45
319,2009.01.10,"2,135,659,380원",5,8,22,28,33,42
318,2009.01.03,"1,207,436,600원",2,17,19,20,34,45
317,2008.12.27,"2,576,258,550원",3,10,11,22,36,39
316,2008.12.20,"1,673,586,400원",10,11,21,27,31,39
315,2008.12.13,"1,308,728,625원",1,13,33,35,43,45
314,2008.12.06,"1,660,512,200원",15,17,19,34,38,41
313,2008.11.29,"1,715,422,800원",9,17,34,35,43,45
312,2008.11.22,"629,017,820원",2,3,5,6,12,20
311,2008.11.15,"1,237,691,063원",4,12,24,27,28,32
310,2008.11.08,"1,296,713,325원",1,5,19,28,34,41
309,2008.11.01,"901,622,946원",1,2,5,11,18,36
308,2008.10.25,"10,232,872,800원",14,15,17,19,37,45
307,2008.10.18,"2,587,643,250원",5,15,21,23,25,45
306,2008.10.11,"2,102,669,520원",4,18,23,30,34,41
305,2008.10.04,"2,008,210,140원",7,8,18,21,23,39
304,2008.09.27,"1,661,646,150원",4,10,16,26,33,41
303,2008.09.20,"1,672,749,000원",2,14,17,30,38,45
302,2008.09.13,"5,472,167,250원",13,19,20,32,38,42
301,2008.09.06,"1,447,385,015원",7,11,13,33,37,43
300,2008.08.30,"836,092,425원",7,9,10,12,26,38
299,2008.08.23,"1,483,772,529원",1,3,20,25,36,45
298,2008.08.16,"9,909,778,500원",5,9,27,29,37,40
297,2008.08.09,"5,056,668,750원",6,11,19,20,28,32
296,2008.08.02,"3,066,088,275원",3,8,15,27,30,45
295,2008.07.26,0원,1,4,12,16,18,38
294,2008.07.19,"2,406,504,975원",6,10,17,30,37,38
293,2008.07.12,"1,656,764,400원",1,9,17,21,29,33
292,2008.07.05,"720,373,950원",17,18,31,32,33,34
291,2008.06.28,"1,450,585,200원",3,7,8,18,20,42
290,2008.06.21,"2,149,214,424원",8,13,18,32,39,45
289,2008.06.14,0원,3,14,33,37,38,42
288,2008.06.07,"2,357,261,550원",1,12,17,28,35,41
287,2008.05.31,"1,328,657,100원",6,12,24,27,35,37
286,2008.05.24,"3,236,566,300원",1,15,19,40,42,44
285,2008.05.17,"3,164,370,100원",13,33,37,40,41,45
284,2008.05.10,"3,117,640,300원",2,7,15,24,30,45
283,2008.05.03,"3,137,224,600원",6,8,18,31,38,45
282,2008.04.26,"1,322,052,643원",2,5,10,18,31,32
281,2008.04.19,"1,554,683,200원",1,3,4,6,14,41
280,2008.04.12,"1,355,258,529원",10,11,23,24,36,37
279,2008.04.05,"1,914,205,320원",7,16,31,36,37,38
278,2008.03.29,"3,186,530,000원",3,11,37,39,41,43
277,2008.03.22,"3,272,627,800원",10,12,13,15,25,29
276,2008.03.15,"3,312,569,000원",4,15,21,33,39,41
275,2008.03.08,"10,044,066,900원",14,19,20,35,38,40
274,2008.03.01,"2,505,085,575원",13,14,15,26,35,39
273,2008.02.23,"3,339,543,100원",1,8,24,31,34,44
272,2008.02.16,"1,104,622,800원",7,9,12,27,39,43
271,2008.02.09,"1,565,918,150원",3,8,9,27,29,40
270,2008.02.02,"1,927,830,060원",5,9,12,20,21,26
269,2008.01.26,"1,961,399,940원",5,18,20,36,42,43
268,2008.01.19,"1,350,954,515원",3,10,19,24,32,45
267,2008.01.12,"3,257,663,300원",7,8,24,34,36,41
266,2008.01.05,"3,207,211,700원",3,4,9,11,22,42
265,2007.12.29,"1,200,838,575원",5,9,34,37,38,39
264,2007.12.22,"1,344,889,200원",9,16,27,36,41,44
263,2007.12.15,"1,551,704,900원",1,27,28,32,37,40
262,2007.12.08,"4,518,741,600원",9,12,24,25,29,31
261,2007.12.01,"3,192,299,100원",6,11,16,18,31,43
260,2007.11.24,"2,310,085,575원",7,12,15,24,37,40
259,2007.11.17,"4,838,533,500원",4,5,14,35,42,45
258,2007.11.10,"2,426,434,350원",14,27,30,31,38,40
257,2007.11.03,"2,391,377,025원",6,13,27,31,32,37
256,2007.10.27,"4,891,017,000원",4,11,14,21,23,43
255,2007.10.20,"1,598,618,550원",1,5,6,24,27,42
254,2007.10.13,"9,741,015,900원",1,5,19,20,24,30
253,2007.10.06,"2,466,189,525원",8,19,25,31,34,36
252,2007.09.29,"1,391,089,715원",14,23,26,31,39,45
251,2007.09.22,"1,282,616,400원",6,7,19,25,28,38
250,2007.09.15,"1,994,726,280원",19,23,30,37,43,45
249,2007.09.08,"1,663,568,700원",3,8,27,31,41,44
248,2007.09.01,"1,227,479,363원",3,8,17,23,38,45
247,2007.08.25,"1,669,313,900원",12,15,28,36,39,40
246,2007.08.18,"1,911,774,240원",13,18,21,23,26,39
245,2007.08.11,"1,382,583,129원",9,11,27,31,32,38
244,2007.08.04,"9,121,583,100원",13,16,25,36,37,38
243,2007.07.28,"2,408,850,000원",2,12,17,19,28,42
242,2007.07.21,"1,234,542,375원",4,19,20,21,32,34
241,2007.07.14,"2,552,016,300원",2,16,24,27,28,35
240,2007.07.07,"5,098,251,450원",6,10,16,40,41,43
239,2007.06.30,"1,134,140,167원",11,15,24,39,41,44
238,2007.06.23,"1,121,660,567원",2,4,15,28,31,34
237,2007.06.16,"1,440,630,729원",1,11,17,21,24,44
236,2007.06.09,"5,030,040,150원",1,4,8,13,37,39
235,2007.06.02,"3,433,330,100원",21,22,26,27,31,37
234,2007.05.26,"2,519,743,875원",13,21,22,24,26,37
233,2007.05.19,"999,153,750원",4,6,13,17,28,40
232,2007.05.12,"1,110,918,400원",8,9,10,12,24,44
231,2007.05.05,"1,088,365,900원",5,10,19,31,44,45
230,2007.04.28,"1,292,929,163원",5,11,14,29,32,33
229,2007.04.21,"1,451,441,100원",4,5,9,11,23,38
228,2007.04.14,"1,146,700,334원",17,25,35,36,39,44
227,2007.04.07,"5,253,542,400원",4,5,15,16,22,42
226,2007.03.31,"1,744,100,150원",2,6,8,14,21,22
225,2007.03.24,"1,777,201,800원",5,11,13,19,31,36
224,2007.03.17,"1,808,969,950원",4,19,26,27,30,42
223,2007.03.10,"1,498,170,600원",1,3,18,20,26,27
222,2007.03.03,"2,275,193,820원",5,7,28,29,39,43
221,2007.02.24,"1,800,104,250원",2,20,33,35,37,40
220,2007.02.17,"1,958,094,950원",5,11,19,21,34,43
219,2007.02.10,"1,208,409,167원",4,11,20,26,35,37
218,2007.02.03,"2,779,075,800원",1,8,14,18,29,44
217,2007.01.27,"1,611,246,172원",16,20,27,33,35,39
216,2007.01.20,"848,506,108원",7,16,17,33,36,40
215,2007.01.13,"1,587,689,615원",2,3,7,15,43,44
214,2007.01.06,"1,406,980,875원",5,7,20,25,28,37
213,2006.12.30,"1,376,678,025원",2,3,4,5,20,24
212,2006.12.23,"2,660,747,250원",11,12,18,21,31,38
211,2006.12.16,"1,035,800,250원",12,13,17,20,33,41
210,2006.12.09,"5,139,085,950원",10,19,22,23,25,37
209,2006.12.02,"1,660,896,350원",2,7,18,20,24,33
208,2006.11.25,"1,760,767,400원",14,25,31,34,40,44
207,2006.11.18,"2,104,673,760원",3,11,14,31,32,37
206,2006.11.11,"2,032,859,340원",1,2,3,15,20,25
205,2006.11.04,"1,835,221,800원",1,3,21,29,35,37
204,2006.10.28,"1,358,347,125원",3,12,14,35,40,45
203,2006.10.21,"2,164,564,740원",1,3,11,24,30,32
202,2006.10.14,"1,893,391,700원",12,14,27,33,39,44
201,2006.10.07,"9,719,465,400원",3,11,24,38,39,44
200,2006.09.30,"1,344,616,613원",5,6,13,14,17,20
199,2006.09.23,"5,344,252,200원",14,21,22,25,30,36
198,2006.09.16,"1,797,855,050원",12,19,20,25,41,45
197,2006.09.09,"1,803,018,300원",7,12,16,34,42,45
196,2006.09.02,"727,876,520원",35,36,37,41,44,45
195,2006.08.26,"918,992,591원",7,10,19,22,35,40
194,2006.08.19,"2,650,567,875원",15,20,23,26,39,44
193,2006.08.12,"3,404,449,700원",6,14,18,26,36,39
192,2006.08.05,"2,445,348,375원",4,8,11,18,37,45
191,2006.07.29,"2,577,114,675원",5,6,24,25,32,37
190,2006.07.22,"1,784,159,450원",8,14,18,30,31,44
189,2006.07.15,"3,461,775,100원",8,14,32,35,37,45
188,2006.07.08,"3,501,405,200원",19,24,27,30,31,34
187,2006.07.01,"1,544,733,900원",1,2,8,18,29,38
186,2006.06.24,"1,187,882,600원",4,10,14,19,21,45
185,2006.06.17,"3,522,485,800원",1,2,4,8,19,38
184,2006.06.10,"1,747,753,050원",1,2,6,16,20,33
183,2006.06.03,"1,777,221,500원",2,18,24,34,40,42
182,2006.05.27,"3,721,439,400원",13,15,27,29,34,40
181,2006.05.20,"1,941,763,300원",14,21,23,32,40,45
180,2006.05.13,"5,763,371,550원",2,15,20,21,29,34
179,2006.05.06,"1,081,093,920원",5,9,17,25,39,43
178,2006.04.29,"2,254,621,080원",1,5,11,12,18,23
177,2006.04.22,"1,693,285,500원",1,10,13,16,37,43
176,2006.04.15,"2,314,663,080원",4,17,30,32,33,34
175,2006.04.08,"2,371,132,620원",19,26,28,31,33,36
174,2006.04.01,"1,771,103,058원",13,14,18,22,35,39
173,2006.03.25,"1,487,736,788원",3,9,24,30,33,34
172,2006.03.18,"1,081,154,073원",4,19,21,24,26,41
171,2006.03.11,"1,961,339,700원",4,16,25,29,34,35
170,2006.03.04,"1,923,108,250원",2,11,13,15,31,42
169,2006.02.25,"2,482,888,380원",16,27,35,37,43,45
168,2006.02.18,"2,349,946,920원",3,10,31,40,42,43
167,2006.02.11,"2,491,222,920원",24,27,28,30,36,39
166,2006.02.04,"1,111,299,982원",9,12,27,36,39,45
165,2006.01.28,"6,767,426,700원",5,13,18,19,22,42
164,2006.01.21,"4,054,937,900원",6,9,10,11,39,41
163,2006.01.14,"1,629,726,515원",7,11,26,28,29,44
162,2006.01.07,"2,308,265,760원",1,5,21,25,38,41
161,2005.12.31,"1,996,876,272원",22,34,36,40,42,45
160,2005.12.24,"5,490,805,350원",3,7,8,34,39,41
159,2005.12.17,"1,755,407,300원",1,18,30,41,42,43
158,2005.12.10,"1,069,544,340원",4,9,13,18,21,34
157,2005.12.03,"5,484,903,750원",19,26,30,33,35,39
156,2005.11.26,"1,401,099,900원",5,18,28,30,42,45
155,2005.11.19,"1,193,005,734원",16,19,20,32,33,41
154,2005.11.12,"2,836,628,700원",6,19,21,35,40,45
153,2005.11.05,"2,730,526,125원",3,8,11,12,13,36
152,2005.10.29,"2,278,131,840원",1,5,13,26,29,34
151,2005.10.22,"2,716,634,025원",1,2,10,13,18,19
150,2005.10.15,"2,831,645,850원",2,18,25,28,37,39
149,2005.10.08,"1,639,052,143원",2,11,21,34,41,42
148,2005.10.01,"2,323,596,420원",21,25,33,34,35,36
147,2005.09.24,"1,700,040,215원",4,6,13,21,40,42
146,2005.09.17,"6,043,415,250원",2,19,27,35,41,42
145,2005.09.10,"3,797,838,200원",2,3,13,20,27,44
144,2005.09.03,"1,402,440,413원",4,15,17,26,36,37
143,2005.08.27,"3,954,584,700원",26,27,28,42,43,45
142,2005.08.20,"1,018,265,564원",12,16,30,34,40,44
141,2005.08.13,"1,900,552,400원",8,12,29,31,42,43
140,2005.08.06,"2,109,462,840원",3,13,17,18,19,28
139,2005.07.30,"1,650,210,215원",9,11,15,20,28,43
138,2005.07.23,"2,227,152,000원",10,11,27,28,37,39
137,2005.07.16,"1,270,403,467원",7,9,20,25,36,39
136,2005.07.09,"1,997,694,150원",2,16,30,36,41,42
135,2005.07.02,"1,717,293,515원",6,14,22,28,35,39
134,2005.06.25,"2,349,155,100원",3,12,20,23,31,35
133,2005.06.18,"1,450,242,600원",4,7,15,18,23,26
132,2005.06.11,"2,920,473,525원",3,17,23,34,41,45
131,2005.06.04,"1,451,214,488원",8,10,11,14,15,21
130,2005.05.28,"3,036,496,650원",7,19,24,27,42,45
129,2005.05.21,"1,093,629,655원",19,23,25,28,38,42
128,2005.05.14,"2,064,043,100원",12,30,34,36,37,45
127,2005.05.07,"1,965,939,150원",3,5,10,29,32,43
126,2005.04.30,"1,369,301,500원",7,20,22,27,40,43
125,2005.04.23,"1,754,870,786원",2,8,32,33,35,36
124,2005.04.16,"1,395,936,267원",4,16,23,25,29,42
123,2005.04.09,"2,532,982,680원",7,17,18,28,30,45
122,2005.04.02,"1,450,073,800원",1,11,16,17,36,40
121,2005.03.26,"6,839,648,100원",12,28,30,34,38,43
120,2005.03.19,"4,364,530,300원",4,6,10,11,32,37
119,2005.03.12,"1,474,899,400원",3,11,13,14,17,21
118,2005.03.05,"1,297,989,720원",3,4,10,17,19,22
117,2005.02.26,"1,558,378,334원",5,10,22,34,36,44
116,2005.02.19,"1,997,747,315원",2,4,25,31,34,37
115,2005.02.12,"1,488,589,567원",1,2,6,9,25,28
114,2005.02.05,"2,362,345,050원",11,14,19,26,28,41
113,2005.01.29,"1,561,528,934원",4,9,28,33,36,45
112,2005.01.22,"1,567,271,167원",26,29,30,33,41,42
111,2005.01.15,"2,199,047,450원",7,18,31,33,36,40
110,2005.01.08,"4,566,262,000원",7,20,22,23,29,43
109,2005.01.01,"1,246,838,200원",1,5,34,36,42,44
108,2004.12.25,"1,998,900,772원",7,18,22,23,29,44
107,2004.12.18,"6,679,927,800원",1,4,5,6,9,31
106,2004.12.11,"810,461,157원",4,10,12,22,24,33
105,2004.12.04,"3,416,781,450원",8,10,20,34,41,45
104,2004.11.27,"6,610,743,750원",17,32,33,34,42,44
103,2004.11.20,"1,691,589,563원",5,14,15,27,30,45
102,2004.11.13,"1,457,153,067원",17,22,24,26,35,40
101,2004.11.06,"2,707,297,500원",1,3,17,32,35,45
100,2004.10.30,"3,315,315,525원",1,7,11,23,37,42
99,2004.10.23,"2,169,219,050원",1,3,10,27,29,37
98,2004.10.16,"3,177,972,300원",6,9,16,23,24,32
97,2004.10.09,"1,496,214,000원",6,7,14,15,20,36
96,2004.10.02,"1,847,133,515원",1,3,8,21,22,31
95,2004.09.25,"1,747,741,238원",8,17,27,31,34,43
94,2004.09.18,"2,245,339,950원",5,32,34,40,41,45
93,2004.09.11,"2,269,178,150원",6,22,24,36,38,44
92,2004.09.04,"1,233,270,846원",3,14,24,33,35,36
91,2004.08.28,"3,582,902,400원",1,21,24,26,29,42
90,2004.08.21,"3,291,435,300원",17,20,29,35,38,44
89,2004.08.14,"4,248,321,900원",4,26,28,29,33,40
88,2004.08.07,"3,069,709,650원",1,17,20,24,30,41
87,2004.07.31,"1,799,358,055원",4,12,16,23,34,43
86,2004.07.24,"14,252,186,400원",2,12,37,39,41,45
85,2004.07.17,"3,462,109,800원",6,8,13,23,31,36
84,2004.07.10,"7,669,779,000원",16,23,27,34,42,45
83,2004.07.03,"7,086,948,300원",6,10,15,17,19,34
82,2004.06.26,"14,562,494,400원",1,2,3,14,27,42
81,2004.06.19,"2,714,288,880원",5,7,11,13,20,33
80,2004.06.12,"13,809,540,000원",17,18,24,25,26,30
79,2004.06.05,"3,416,443,800원",3,12,24,27,30,32
78,2004.05.29,"3,519,850,000원",10,13,25,29,33,35
77,2004.05.22,"5,155,758,600원",2,18,29,32,43,44
76,2004.05.15,"7,451,022,600원",1,3,15,22,25,37
75,2004.05.08,"3,914,616,900원",2,5,24,32,34,44
74,2004.05.01,"5,284,949,800원",6,15,17,18,35,40
73,2004.04.24,"2,766,662,100원",3,12,18,32,40,43
72,2004.04.17,"3,260,524,600원",2,4,11,17,26,27
71,2004.04.10,0원,5,9,12,16,29,41
70,2004.04.03,"5,031,277,800원",5,19,22,25,28,43
69,2004.03.27,"4,962,712,200원",5,8,14,15,19,39
68,2004.03.20,"2,945,882,100원",10,12,15,16,26,39
67,2004.03.13,"2,114,436,500원",3,7,10,15,36,38
66,2004.03.06,"3,685,138,200원",2,3,7,17,22,24
65,2004.02.28,"3,727,945,800원",4,25,33,36,40,43
64,2004.02.21,"3,899,818,000원",14,15,18,21,26,36
63,2004.02.14,"7,922,245,500원",3,20,23,36,38,40
62,2004.02.07,"15,817,286,400원",3,8,15,27,29,35
61,2004.01.31,"3,541,038,800원",14,15,19,30,38,43
60,2004.01.24,"2,172,504,600원",2,8,25,36,39,42
59,2004.01.17,"4,127,587,300원",6,29,36,39,41,45
58,2004.01.10,"3,676,429,200원",10,24,25,33,40,44
57,2004.01.03,"4,114,411,900원",7,10,16,25,29,44
56,2003.12.27,"3,777,570,900원",10,14,30,31,33,37
55,2003.12.20,"7,088,799,600원",17,21,31,37,40,44
54,2003.12.13,"5,148,626,600원",1,8,21,27,36,39
53,2003.12.06,"5,014,371,000원",7,8,14,32,33,39
52,2003.11.29,"3,900,844,900원",2,4,15,16,20,29
51,2003.11.22,"2,421,117,000원",2,3,11,16,26,44
50,2003.11.15,"5,227,061,400원",2,10,12,15,22,44
49,2003.11.08,"1,967,504,600원",4,7,16,19,33,40
48,2003.11.01,"2,415,673,600원",6,10,18,26,37,38
47,2003.10.25,"3,250,042,400원",14,17,26,31,36,45
46,2003.10.18,"5,327,758,800원",8,13,15,23,31,38
45,2003.10.11,"8,356,417,800원",1,10,20,27,33,35
44,2003.10.04,"3,362,155,800원",3,11,21,30,38,45
43,2003.09.27,"17,749,630,800원",6,31,35,38,39,44
42,2003.09.20,"6,899,280,100원",17,18,19,21,23,32
41,2003.09.13,0원,13,20,23,35,38,43
40,2003.09.06,"1,147,652,400원",7,13,18,19,25,26
39,2003.08.30,"2,623,748,800원",6,7,13,15,21,43
38,2003.08.23,"5,374,866,400원",16,17,22,30,37,43
37,2003.08.16,"4,985,999,400원",7,27,30,33,35,37
36,2003.08.09,"16,014,475,800원",1,10,23,26,28,40
35,2003.08.02,"5,054,598,200원",2,3,11,26,37,43
34,2003.07.26,"3,056,918,000원",9,26,35,37,40,42
33,2003.07.19,"14,903,517,600원",4,7,32,33,40,41
32,2003.07.12,"1,634,528,300원",6,14,19,25,34,44
31,2003.07.05,"8,106,672,900원",7,9,18,23,28,35
30,2003.06.28,"8,728,555,500원",8,17,20,35,36,44
29,2003.06.21,"3,552,594,000원",1,5,13,34,39,40
28,2003.06.14,"1,700,361,100원",9,18,23,25,35,37
27,2003.06.07,"9,543,982,500원",1,20,26,28,37,43
26,2003.05.31,"3,495,069,900원",4,5,7,18,20,25
25,2003.05.24,"24,227,745,300원",2,4,21,26,43,44
24,2003.05.17,0원,7,8,27,29,36,43
23,2003.05.10,"4,317,947,700원",5,13,17,18,33,42
22,2003.05.03,"4,552,194,900원",4,5,6,8,17,39
21,2003.04.26,"797,475,400원",6,12,17,18,31,32
20,2003.04.19,"19,352,212,800원",10,14,18,20,23,30
19,2003.04.12,"40,722,959,400원",6,30,38,39,40,43
18,2003.04.05,0원,3,12,13,19,32,35
17,2003.03.29,"5,349,491,200원",3,4,9,17,32,37
16,2003.03.22,"4,377,146,100원",6,7,24,37,38,40
15,2003.03.15,"17,014,245,000원",3,4,16,30,31,37
14,2003.03.08,"9,375,048,300원",2,6,12,31,33,40
13,2003.03.01,0원,22,23,25,37,38,42
12,2003.02.22,"1,348,845,700원",2,11,21,25,39,45
11,2003.02.15,"4,780,152,300원",1,7,36,37,41,42
10,2003.02.08,"6,430,437,900원",9,25,30,33,41,44
9,2003.02.01,0원,2,4,16,17,36,39
8,2003.01.25,0원,8,19,25,34,37,39
7,2003.01.18,0원,2,9,16,25,26,40
6,2003.01.11,"6,574,451,700원",14,15,26,27,40,42
5,2003.01.04,0원,16,24,29,40,41,42
4,2002.12.28,0원,14,27,30,31,40,42
3,2002.12.21,"2,000,000,000원",11,16,19,21,27,31
2,2002.12.14,"2,002,006,800원",9,13,21,25,32,42
1,2002.12.07,0원,10,23,29,33,37,40
